age,income,time_on_website,previous_purchases,marketing_engaged,search_frequency,device_age,brand,will_purchase
56,126748,29.19,3,1,4,2.0,iPhone,1
46,15287,17.1,1,1,17,1.7,Realme,1
32,18512,22.67,1,1,15,1.3,OnePlus,1
60,142414,23.22,1,0,7,2.5,Samsung,0
25,118872,13.32,2,1,19,3.7,Nothing,1
38,103070,29.92,4,1,10,4.5,Vivo,1
56,89767,18.25,4,1,9,2.8,Vivo,1
36,107829,12.44,1,0,11,2.6,Realme,1
40,52078,25.37,1,1,5,2.0,Google Pixel,1
28,116288,11.02,6,0,19,2.1,Realme,1
28,93524,20.28,1,1,4,3.1,Samsung,1
41,22219,19.91,2,1,8,2.2,OnePlus,1
53,10235,30.86,0,0,15,2.3,Xiaomi,0
57,52929,24.75,1,1,13,2.5,Realme,1
41,137309,19.75,3,0,7,1.9,OnePlus,1
20,77444,28.18,4,1,19,2.4,Vivo,1
39,149639,33.9,3,1,18,0.5,Realme,1
19,111834,25.58,2,0,13,3.0,Realme,1
41,94555,20.1,0,0,6,4.9,Oppo,1
61,83698,6.88,1,1,4,1.9,Vivo,1
47,134450,9.35,1,0,17,2.9,Nothing,1
55,146487,16.95,3,0,1,3.4,Google Pixel,1
19,53925,13.9,4,0,10,3.8,Xiaomi,1
38,147023,18.13,1,1,7,2.2,Realme,1
50,97388,20.57,1,1,0,0.7,Realme,1
29,18007,25.3,1,0,11,2.8,Nothing,1
39,68596,19.3,1,0,1,2.6,Google Pixel,1
61,131101,24.87,2,0,17,2.2,Vivo,1
42,98861,20.64,2,0,6,2.4,Realme,1
44,96740,0.25,2,1,16,2.6,OnePlus,1
59,25524,10.61,3,1,13,2.9,iPhone,0
45,141149,18.56,1,0,6,2.8,Google Pixel,1
33,135501,7.9,2,0,2,2.3,Realme,1
32,30611,26.0,1,0,5,2.9,Google Pixel,1
64,24060,35.31,2,1,19,2.2,Xiaomi,1
61,53303,32.19,1,1,1,3.1,Realme,1
20,49711,17.87,1,1,16,1.9,Xiaomi,1
54,83340,34.91,2,0,11,2.6,Samsung,1
24,112974,21.49,1,0,11,0.9,iPhone,0
38,77728,16.63,1,0,16,2.1,Nothing,1
26,21246,13.87,0,0,9,3.1,Xiaomi,0
56,137796,16.98,1,1,2,1.5,Realme,1
35,102263,16.12,1,1,19,2.2,Oppo,1
21,145090,21.7,2,1,17,0.2,Nothing,1
42,21302,21.61,0,1,12,1.1,Nothing,1
31,77506,20.03,2,0,11,1.4,Vivo,1
26,51157,24.37,3,1,16,2.6,Xiaomi,1
43,64917,31.91,0,0,3,2.8,Oppo,1
19,106646,29.5,2,0,9,2.4,Xiaomi,1
37,93122,5.15,2,1,10,2.1,Vivo,1
45,34519,-5.54,1,0,5,2.1,iPhone,0
64,90910,29.34,2,1,5,3.2,Realme,1
24,130430,6.33,0,0,8,2.7,Xiaomi,1
61,81324,17.75,3,1,14,2.2,Vivo,1
25,15408,8.3,3,1,1,3.8,Google Pixel,0
64,69379,1.98,0,0,3,4.4,Realme,0
52,35053,25.41,1,1,4,1.3,Xiaomi,1
31,141994,27.59,2,0,16,3.0,Google Pixel,1
34,108723,14.23,1,1,7,5.0,Realme,1
53,61356,-5.91,2,1,7,2.8,Google Pixel,1
57,20789,14.54,0,1,11,2.6,Nothing,0
21,107720,23.92,1,1,7,2.4,Xiaomi,1
19,76656,5.21,3,0,18,3.0,Vivo,1
23,54028,21.83,2,1,2,3.3,Realme,1
59,74484,19.85,3,1,17,1.3,Xiaomi,1
21,42154,25.79,1,1,18,2.5,Realme,1
46,12336,21.2,0,0,18,0.2,Realme,1
35,113677,10.27,2,1,14,2.3,Google Pixel,1
43,77779,31.97,1,1,5,1.6,Google Pixel,1
61,29029,18.41,1,0,15,2.8,Oppo,1
51,69201,19.73,0,1,7,0.8,Xiaomi,1
27,42265,10.67,2,0,15,2.0,Samsung,0
53,112916,15.57,1,1,17,3.5,OnePlus,1
31,56197,11.15,6,1,19,1.8,Samsung,0
48,135733,18.27,3,1,15,0.6,Realme,1
32,81907,37.12,0,1,10,2.8,Oppo,1
25,138876,6.28,2,1,6,1.9,Realme,1
31,74435,3.86,1,0,16,2.3,Samsung,1
40,50631,34.71,2,0,16,1.8,Realme,1
57,139038,17.91,3,1,11,4.5,Google Pixel,1
38,30103,13.31,2,0,12,0.9,Xiaomi,1
33,74772,30.4,2,0,9,5.0,Samsung,0
62,136108,13.94,2,1,6,2.1,OnePlus,0
35,24382,38.26,0,0,13,2.7,OnePlus,0
64,94291,26.78,1,0,0,1.9,Google Pixel,0
41,111195,15.12,0,1,16,1.9,Xiaomi,1
43,144828,41.57,2,0,3,1.7,iPhone,1
42,30609,13.94,2,1,4,3.1,iPhone,1
62,85683,27.42,1,1,19,1.1,Vivo,1
58,134714,22.99,0,1,6,2.9,Vivo,1
46,140330,33.02,0,0,9,0.3,Samsung,0
32,81315,35.62,0,1,16,2.8,Google Pixel,1
62,87834,20.32,4,1,6,3.3,Google Pixel,1
18,136205,12.47,1,1,0,1.2,Realme,0
42,24153,24.6,1,0,6,3.2,OnePlus,1
24,86325,13.22,1,1,10,2.6,OnePlus,1
26,65318,40.13,3,1,8,4.1,OnePlus,1
41,141886,21.37,3,1,11,1.6,Oppo,1
18,125033,16.35,3,1,2,5.0,Xiaomi,1
61,86077,21.85,1,1,3,0.2,Nothing,1
25,100474,6.53,1,1,3,2.2,Realme,1
41,143515,10.28,5,0,12,0.8,iPhone,0
28,83319,32.0,1,1,18,4.4,Google Pixel,1
34,135885,13.43,1,0,9,2.2,iPhone,1
25,119777,9.53,1,1,4,2.3,Oppo,1
52,27368,25.37,0,0,6,2.9,iPhone,1
52,101751,31.86,0,1,15,2.5,OnePlus,0
50,37306,27.19,0,0,0,1.9,Realme,1
22,47219,29.96,3,1,11,1.2,Vivo,1
59,70279,12.43,0,1,1,2.7,Nothing,0
56,63028,5.78,0,0,6,2.9,Google Pixel,0
58,114263,35.01,0,0,10,3.2,Oppo,1
45,10126,16.77,1,0,12,4.4,Google Pixel,1
24,62329,17.49,1,1,1,0.3,Nothing,1
26,37632,33.28,0,1,6,2.4,Google Pixel,1
25,119945,25.56,2,1,14,3.7,Xiaomi,1
29,65176,24.56,0,0,10,2.4,Google Pixel,1
51,144869,41.65,1,1,1,0.2,Vivo,1
50,44560,13.56,0,1,6,1.2,Realme,1
40,86589,29.28,3,1,3,2.8,Realme,1
41,32116,20.57,2,1,10,2.8,iPhone,1
54,142717,22.69,1,0,1,3.2,Samsung,1
52,134085,35.28,1,0,15,1.7,OnePlus,1
61,127718,25.08,3,0,6,2.8,Nothing,1
57,29256,25.38,1,0,12,1.6,Oppo,1
39,110158,30.73,1,0,4,2.8,Realme,1
44,129719,16.35,1,0,16,2.6,iPhone,1
52,78244,11.61,2,0,11,1.7,Google Pixel,1
18,66264,9.55,1,1,18,4.1,OnePlus,0
52,67545,0.34,0,1,6,0.8,OnePlus,1
54,49224,40.56,1,1,5,2.4,Samsung,1
64,107945,8.97,2,1,7,1.7,Xiaomi,1
31,23224,17.79,1,0,12,4.3,Samsung,1
20,50738,17.23,0,1,4,3.1,Google Pixel,0
18,73731,23.07,5,0,1,1.9,Vivo,1
22,149649,28.16,2,1,8,2.2,Nothing,1
43,18070,28.6,0,0,10,4.4,OnePlus,1
31,136161,14.17,3,1,5,1.6,Oppo,1
56,18666,18.33,3,0,6,0.7,Oppo,0
44,67761,22.83,0,0,6,2.8,iPhone,0
26,46368,17.51,2,1,18,2.8,Oppo,1
32,147855,36.07,1,0,5,3.2,OnePlus,1
32,51914,24.91,1,1,10,3.2,OnePlus,1
43,137738,27.35,2,1,10,4.3,OnePlus,1
59,77526,26.63,2,1,6,0.8,Nothing,1
30,29956,31.73,0,1,1,1.3,Realme,1
49,56240,21.81,1,1,18,3.2,Xiaomi,1
56,131008,7.03,0,0,3,1.4,Google Pixel,0
49,104270,24.0,1,1,5,1.0,Google Pixel,1
21,14757,13.49,3,1,16,4.4,iPhone,1
47,29097,14.71,0,1,4,0.9,Samsung,0
54,113892,25.86,2,0,6,2.1,Nothing,1
40,80480,32.38,3,1,8,2.4,Realme,1
56,56163,20.21,4,1,0,3.8,Vivo,1
62,29816,23.09,1,1,0,0.6,iPhone,1
32,62853,37.02,3,1,18,2.9,Realme,1
60,106731,22.41,0,0,5,1.6,OnePlus,1
46,72823,46.02,5,0,17,3.1,Samsung,1
53,11759,25.66,3,1,9,1.6,Samsung,1
30,102374,2.39,2,1,10,4.1,Google Pixel,0
49,143554,27.53,0,1,0,1.6,Xiaomi,1
24,34442,23.81,1,0,0,0.2,Xiaomi,1
39,103501,32.9,0,1,12,1.7,Vivo,1
45,12079,26.73,2,1,4,2.2,Samsung,1
19,143789,18.62,0,1,19,3.6,OnePlus,1
59,69676,7.76,0,1,0,1.2,OnePlus,1
62,100397,17.91,2,0,19,1.3,Oppo,1
23,82847,11.49,2,1,2,3.5,OnePlus,1
45,103607,14.19,1,0,17,1.1,Realme,0
45,74077,25.89,2,1,8,2.3,Xiaomi,1
61,48258,36.7,1,0,13,2.3,OnePlus,1
61,147717,23.95,1,1,16,2.7,Nothing,1
37,129771,8.04,1,0,13,1.8,OnePlus,0
47,48000,24.45,4,1,3,1.6,Oppo,1
28,36737,31.97,0,1,4,2.8,Vivo,1
45,21485,13.9,2,1,16,1.6,Vivo,0
42,48565,18.66,0,0,1,1.1,Samsung,1
56,129614,20.15,1,0,4,3.7,OnePlus,1
50,75155,12.15,1,0,3,3.0,Xiaomi,1
18,62487,26.48,1,1,3,4.3,Vivo,1
44,139948,18.79,1,0,5,3.3,Samsung,1
30,22342,24.2,5,1,19,1.2,OnePlus,1
58,50806,11.13,1,1,12,2.6,Vivo,1
20,58770,15.63,1,1,4,1.5,Vivo,1
56,88623,27.22,0,1,6,0.8,OnePlus,1
23,113177,16.27,3,1,19,2.1,iPhone,1
25,141026,37.27,2,0,0,3.5,OnePlus,1
44,85629,16.0,0,1,13,2.8,Realme,1
26,130993,22.25,1,1,3,1.1,Vivo,1
54,136944,29.33,0,0,16,2.0,Xiaomi,0
50,115947,5.82,2,1,13,2.4,iPhone,1
59,36399,2.39,1,1,15,0.8,Oppo,1
61,138177,4.74,1,1,13,3.2,Samsung,1
41,119575,32.63,3,0,15,2.3,OnePlus,0
32,120904,14.48,3,1,19,1.1,Xiaomi,0
49,40678,45.58,4,0,7,1.1,Oppo,1
49,86218,14.36,2,0,2,3.6,Oppo,1
41,73230,21.85,1,1,18,2.1,Vivo,1
58,84055,35.42,3,1,0,3.7,Realme,1
29,82258,40.06,0,1,1,4.1,Vivo,1
56,49986,40.62,5,0,14,3.5,Samsung,1
19,95595,32.08,0,1,9,2.0,iPhone,1
20,111358,30.24,2,1,17,0.2,Nothing,1
54,74929,25.93,2,0,13,2.8,iPhone,1
34,83506,27.78,3,1,16,4.6,Samsung,1
19,44911,14.49,1,0,12,2.5,Oppo,0
19,97127,11.82,2,1,0,0.5,iPhone,1
45,123453,19.97,2,1,4,1.8,OnePlus,1
40,94458,18.3,1,0,12,2.3,Vivo,0
54,22175,15.47,0,0,13,1.4,Nothing,0
49,129235,26.96,5,0,2,0.2,Xiaomi,0
50,64771,29.55,2,0,14,2.4,OnePlus,1
18,137157,20.88,0,1,18,1.7,iPhone,1
36,131300,34.78,1,1,16,4.3,Google Pixel,1
19,96925,8.58,3,0,2,2.6,Oppo,1
61,76358,18.06,0,0,15,3.0,Oppo,0
43,57057,12.83,0,1,13,2.4,Google Pixel,0
49,16150,1.33,1,1,11,2.6,iPhone,0
23,14425,19.17,4,0,11,0.8,Oppo,0
49,26032,18.78,2,0,10,1.5,Realme,0
21,12198,35.13,1,1,16,3.6,Oppo,1
28,128865,26.31,2,0,7,2.7,Nothing,1
34,149777,9.76,4,0,16,2.1,Realme,1
55,33236,38.54,0,1,19,3.0,Samsung,1
41,97955,32.21,1,1,10,3.0,Samsung,1
22,113145,25.82,4,1,1,4.5,Realme,1
51,104914,17.74,1,1,9,2.7,OnePlus,1
23,112870,10.41,0,1,9,1.4,OnePlus,0
39,126243,16.28,1,0,10,2.4,Nothing,1
28,24596,30.89,1,0,5,3.1,Vivo,1
33,142351,38.85,0,0,3,3.5,iPhone,1
50,121496,35.43,0,0,11,0.9,Realme,0
26,140273,15.11,4,1,10,2.8,Google Pixel,1
23,148155,8.8,2,1,12,1.6,Xiaomi,1
33,130674,21.41,1,1,4,1.9,iPhone,0
46,130307,2.32,1,1,5,3.3,Nothing,1
20,29063,23.23,1,0,0,3.2,Realme,0
37,77642,18.52,0,0,5,1.8,Samsung,0
53,100093,15.34,1,1,17,2.3,iPhone,1
36,45954,4.05,2,1,8,2.0,OnePlus,1
43,37856,25.14,0,1,14,5.0,Google Pixel,1
20,12573,14.67,1,1,7,2.8,iPhone,0
36,45367,8.3,2,1,18,1.7,Xiaomi,1
37,109608,-8.72,2,1,15,3.8,Nothing,1
49,70774,19.72,1,0,5,3.9,Nothing,1
24,33752,37.72,1,1,5,4.3,Nothing,1
58,65029,36.61,1,1,2,4.6,Nothing,1
50,140282,15.43,1,0,9,3.2,Xiaomi,1
57,61693,13.98,1,1,0,2.2,Nothing,1
56,126739,24.69,3,0,13,2.3,Google Pixel,1
35,65961,10.02,2,1,3,2.2,Vivo,1
57,136678,23.02,4,0,11,2.1,Samsung,1
18,84532,27.66,2,1,5,3.7,Google Pixel,1
28,91994,32.27,2,0,10,2.5,Nothing,1
45,66133,19.0,2,1,11,3.5,Realme,1
42,71268,17.96,2,0,9,3.2,OnePlus,1
40,41653,11.22,0,0,17,1.4,Vivo,0
48,131829,11.73,1,1,6,0.8,Samsung,1
47,138377,17.74,2,1,6,1.3,OnePlus,1
59,11622,23.67,1,0,10,2.1,Google Pixel,1
52,58756,29.14,1,0,3,2.6,Xiaomi,1
24,50809,11.97,1,1,19,1.9,Xiaomi,1
33,26725,34.93,1,1,0,3.2,OnePlus,0
43,61226,17.29,1,1,12,2.0,Realme,1
19,91182,19.79,0,0,17,2.8,OnePlus,0
18,39402,12.53,2,1,8,2.6,Google Pixel,1
29,14263,-4.24,2,0,8,4.2,OnePlus,0
22,57924,28.84,2,0,8,1.5,Samsung,1
54,84182,27.37,0,1,9,4.7,Realme,1
49,45737,17.19,3,1,1,1.9,Oppo,1
26,111332,20.67,1,1,5,1.2,iPhone,1
58,99563,25.16,0,0,14,2.3,Oppo,1
52,138575,4.37,1,1,2,5.0,OnePlus,1
36,111371,14.71,1,1,10,3.4,Xiaomi,1
33,48709,27.94,4,1,5,3.1,Oppo,1
20,31172,7.46,1,0,2,3.3,Nothing,0
37,21555,22.94,0,0,10,1.7,Google Pixel,0
41,63276,6.43,2,0,14,2.8,Oppo,1
50,67492,24.66,1,1,12,2.5,Vivo,1
41,99599,19.64,1,0,19,4.3,Realme,1
28,21046,3.85,1,1,9,2.4,Google Pixel,1
25,126021,31.65,1,0,5,2.1,Xiaomi,1
53,14853,12.65,1,1,14,1.3,Oppo,0
55,130900,11.9,3,0,17,2.6,Realme,0
57,69129,22.01,1,1,17,2.8,iPhone,1
37,124130,31.49,0,1,6,1.3,Realme,0
52,131789,9.84,0,0,14,3.0,Realme,0
42,48890,20.62,1,1,17,2.7,Google Pixel,1
52,76017,24.29,3,1,17,3.5,iPhone,1
42,142596,26.93,0,1,19,3.7,Realme,1
46,110424,21.76,0,1,8,2.6,Vivo,1
35,25048,16.33,2,0,1,1.5,Oppo,0
63,64912,11.72,0,0,7,1.7,Oppo,0
35,44008,20.86,0,0,19,4.3,Vivo,1
19,141132,9.28,1,0,1,2.7,Oppo,1
52,93559,-9.21,0,0,10,4.2,Realme,1
33,65337,24.37,1,0,6,3.0,Realme,1
58,120616,29.04,1,1,5,3.3,Google Pixel,1
53,23350,-3.63,0,1,9,3.4,Nothing,0
50,34354,9.9,2,0,4,1.3,Xiaomi,0
21,55186,26.19,1,0,10,2.8,Xiaomi,1
50,38145,40.57,1,1,0,1.3,Realme,1
31,96123,20.21,3,0,1,2.2,OnePlus,1
38,30581,12.72,0,0,0,3.1,Nothing,0
37,98929,18.17,0,0,18,1.5,Vivo,1
25,33051,33.75,3,1,1,3.1,Realme,1
24,61474,13.54,1,1,19,1.0,OnePlus,1
20,101748,12.01,3,0,3,3.6,Realme,0
34,135995,15.17,2,1,11,1.8,OnePlus,1
50,79626,10.47,4,1,19,1.5,Realme,1
29,16960,21.23,2,1,17,1.1,iPhone,1
39,46408,36.25,4,1,0,1.9,Oppo,1
39,104006,23.23,1,1,0,0.6,Xiaomi,1
63,67134,17.48,1,0,13,2.0,Xiaomi,0
47,142413,17.08,3,0,3,3.6,Nothing,1
55,100327,4.37,2,1,4,2.3,Samsung,0
55,141410,28.83,0,1,10,1.3,Xiaomi,1
62,21344,19.22,0,1,12,2.7,Samsung,1
25,142822,18.2,1,1,15,2.6,iPhone,1
44,77957,51.93,2,1,12,4.5,OnePlus,1
44,115423,22.99,1,0,1,3.3,Nothing,1
51,68053,12.48,3,1,15,2.8,Oppo,1
38,87454,15.74,3,1,5,3.4,Vivo,1
47,100600,31.48,0,1,13,2.4,Samsung,1
50,132732,21.13,0,1,0,2.4,Oppo,1
45,47641,5.62,2,1,16,4.2,Nothing,1
64,39711,29.19,4,0,10,0.9,Nothing,0
50,80342,13.32,1,1,18,3.5,Xiaomi,1
22,116896,38.73,0,0,2,2.4,Oppo,0
36,97833,30.8,1,1,10,2.2,Realme,1
21,66276,15.53,1,1,4,1.9,Google Pixel,1
52,29541,32.81,2,0,16,2.7,Nothing,1
34,104457,20.68,1,1,6,2.5,Samsung,1
61,54813,28.53,2,1,9,2.1,Vivo,1
45,149892,24.85,0,1,10,1.8,Vivo,0
47,34070,11.54,2,0,2,0.6,iPhone,0
46,90559,13.56,4,1,19,1.8,iPhone,1
63,51786,30.3,3,1,9,2.0,Xiaomi,1
23,147809,16.65,0,1,9,2.7,Realme,1
52,46062,15.96,2,0,13,4.5,Xiaomi,0
58,61571,10.45,2,1,11,1.9,Vivo,1
54,35510,24.24,1,1,14,1.5,OnePlus,1
41,29426,40.63,0,0,9,1.8,Vivo,0
46,47265,9.32,2,0,9,2.7,Nothing,0
63,76150,20.24,2,0,18,3.1,Oppo,1
48,97312,34.12,0,1,0,3.2,Oppo,0
52,99613,19.2,1,1,9,3.3,Nothing,1
50,84910,24.52,3,1,1,3.5,Nothing,1
38,62375,9.38,2,0,16,2.2,Vivo,1
49,131826,24.28,0,1,6,4.6,Oppo,1
40,45435,18.13,0,0,6,2.1,Oppo,0
50,106443,29.86,2,0,19,2.6,Oppo,1
20,144055,31.87,1,1,8,3.8,Nothing,1
35,33510,45.9,1,0,1,3.1,iPhone,0
42,104071,25.8,3,1,13,0.3,Realme,1
59,16640,23.26,2,0,16,2.5,OnePlus,1
48,54547,21.94,0,1,0,3.4,Nothing,1
20,64620,16.47,0,1,8,1.2,Oppo,1
57,125608,23.38,2,1,19,3.3,Samsung,1
63,17564,17.05,0,0,18,2.9,Vivo,1
41,123824,21.68,3,0,3,3.7,Vivo,0
49,89273,33.18,1,1,7,1.8,Realme,1
64,84859,9.93,1,0,12,3.5,Nothing,1
39,120017,31.4,3,1,3,2.7,Realme,1
40,133618,33.17,1,1,8,4.3,iPhone,1
19,135341,18.82,0,0,8,5.0,Google Pixel,1
44,39430,-1.22,4,0,17,4.0,Xiaomi,0
59,37788,13.92,1,1,11,3.0,Samsung,1
19,79346,32.97,3,1,9,4.8,Xiaomi,1
43,106122,19.77,1,1,10,3.1,Google Pixel,1
34,49974,10.01,3,1,6,1.6,Samsung,0
57,117309,14.95,1,1,8,2.5,Xiaomi,1
50,26371,28.41,0,0,5,3.3,Samsung,1
26,55084,25.47,1,1,18,3.3,Realme,1
60,71916,17.61,2,1,15,1.4,OnePlus,1
56,83972,16.33,1,0,14,1.4,Samsung,0
46,22984,16.08,0,0,6,2.2,Google Pixel,0
59,43039,10.78,1,0,15,3.0,Realme,1
43,95431,36.15,1,0,4,3.2,Realme,1
52,93691,16.78,2,1,15,2.6,iPhone,1
42,68606,32.17,3,0,0,1.7,Oppo,0
41,112665,35.21,5,0,18,4.2,Vivo,0
30,115373,29.98,3,0,4,1.4,iPhone,1
24,34574,15.68,2,1,6,3.8,Google Pixel,1
53,144502,24.04,3,1,18,3.2,Nothing,1
62,42733,19.76,2,1,4,3.8,Nothing,1
37,12050,10.96,2,0,16,2.1,Vivo,1
18,119996,23.24,1,1,7,2.4,Realme,1
25,43933,8.21,1,1,0,2.6,OnePlus,1
63,34951,31.88,1,0,1,2.0,Google Pixel,1
33,42413,15.35,4,0,14,2.7,Vivo,1
31,122573,22.01,3,0,19,4.1,Nothing,1
29,145566,22.83,1,0,17,1.2,Oppo,1
40,132744,17.41,1,1,10,1.8,Realme,1
32,99431,25.87,3,1,9,1.7,Nothing,1
45,53001,15.25,1,1,3,2.4,OnePlus,1
51,77364,28.71,1,1,4,2.4,Vivo,1
19,134988,6.54,1,1,3,3.3,Samsung,1
49,55028,21.26,1,1,12,2.5,OnePlus,1
40,141878,39.39,0,1,12,2.8,Samsung,1
39,134343,10.0,3,0,17,2.9,Realme,0
42,138301,13.22,1,0,1,2.7,Vivo,0
39,136295,25.14,0,1,15,3.2,iPhone,1
39,44636,21.8,2,0,0,2.4,Google Pixel,0
59,34262,23.51,1,0,18,4.1,iPhone,0
23,90435,24.89,2,1,8,5.0,iPhone,1
32,138583,26.35,1,1,2,3.2,Nothing,1
60,51844,31.1,2,1,6,2.7,Oppo,1
54,74754,24.1,0,1,9,3.1,Oppo,1
50,87129,17.59,2,1,0,1.4,Google Pixel,1
25,50042,26.73,1,1,9,2.7,Xiaomi,1
61,71665,39.0,2,1,8,1.8,Nothing,1
61,126953,18.67,3,1,14,3.0,Xiaomi,1
22,128533,10.25,1,1,14,1.8,Samsung,0
56,83781,31.07,2,1,2,2.2,Nothing,1
21,76262,18.8,1,1,4,0.6,Vivo,1
23,56600,-1.73,3,1,8,1.3,Xiaomi,0
62,86898,28.47,1,0,8,2.9,Google Pixel,1
49,40448,14.65,1,0,6,1.6,Google Pixel,1
47,36172,19.09,1,0,11,3.6,Nothing,0
64,17657,23.32,1,1,8,1.5,iPhone,1
52,122855,21.9,0,0,5,3.0,Vivo,1
57,17906,27.09,1,0,1,1.7,Realme,0
33,71413,15.65,1,1,8,2.9,Vivo,1
30,64028,25.13,1,0,16,1.0,Google Pixel,1
59,17287,17.4,1,1,0,2.0,Samsung,0
47,43660,27.39,3,0,18,1.7,Xiaomi,1
36,70504,26.15,0,1,5,3.4,Xiaomi,1
34,112979,10.65,1,1,4,3.0,Samsung,1
36,44701,30.86,2,1,1,1.3,OnePlus,1
45,93300,14.64,0,1,8,2.3,Nothing,0
43,93560,28.08,2,1,13,1.7,Google Pixel,1
54,53642,23.67,1,0,3,3.5,Oppo,1
43,75160,38.38,3,0,3,3.8,Samsung,0
40,27602,17.77,1,0,14,1.1,Samsung,0
26,113320,16.51,4,1,7,3.3,Vivo,1
29,98801,19.81,0,1,3,1.7,Nothing,1
18,35931,16.97,2,1,15,2.2,Nothing,1
18,104377,28.0,1,0,3,2.5,Oppo,1
64,39192,3.84,1,1,15,4.3,Nothing,1
51,56542,9.46,6,1,11,1.5,iPhone,1
49,137015,9.32,2,1,15,3.3,Google Pixel,1
42,52520,29.5,1,1,18,1.3,iPhone,1
57,74772,37.11,2,0,7,1.3,OnePlus,0
62,60106,18.96,5,1,5,2.5,Google Pixel,1
18,91121,18.31,1,1,9,2.5,Realme,1
33,35559,20.7,3,0,4,0.2,Google Pixel,1
56,115595,31.62,1,0,17,3.7,Google Pixel,1
22,43742,10.73,1,1,9,0.4,Oppo,1
39,79669,22.38,0,1,9,2.4,iPhone,1
46,145044,29.75,3,1,6,3.8,Vivo,1
20,80831,25.01,3,0,17,4.7,Oppo,1
29,122217,21.9,2,1,0,2.1,Google Pixel,1
43,51873,30.01,1,1,6,1.1,Vivo,1
33,116532,-7.03,1,1,0,3.8,Xiaomi,1
54,136267,26.78,2,1,14,3.4,Vivo,1
39,144092,13.46,0,0,3,2.0,Samsung,0
46,51755,1.69,0,1,19,1.9,Oppo,0
31,95956,25.11,2,0,9,1.8,Oppo,1
45,96988,33.74,2,1,8,2.2,Samsung,1
22,55648,18.63,2,1,1,2.8,Xiaomi,1
64,135991,29.53,0,1,13,1.9,Nothing,1
47,125005,36.12,0,1,15,2.1,Nothing,0
63,12396,33.15,1,1,0,3.1,Nothing,1
22,94082,36.4,2,1,1,1.0,Nothing,1
29,138322,27.42,0,1,6,2.1,iPhone,1
33,142663,20.75,1,1,9,0.8,Samsung,1
43,21303,3.98,1,1,19,2.6,Xiaomi,1
43,81719,17.54,3,1,0,0.6,Google Pixel,1
38,109616,11.57,0,0,12,3.4,OnePlus,1
56,134165,41.71,0,1,0,1.2,Oppo,1
53,96231,18.24,1,0,4,0.7,Vivo,0
50,17314,21.23,2,1,15,2.1,Nothing,1
47,29623,25.51,1,0,14,4.2,Vivo,0
54,115228,20.44,4,1,16,3.2,OnePlus,1
40,107624,36.95,2,1,15,0.6,Oppo,1
27,121785,13.77,0,1,12,1.2,Realme,0
22,96206,21.95,1,1,10,2.1,Xiaomi,1
53,79274,12.58,3,0,16,4.7,iPhone,0
51,143541,6.8,2,0,16,1.6,Vivo,0
48,63947,13.88,1,0,1,1.6,Nothing,0
27,58874,19.63,0,1,12,4.0,Samsung,1
36,59708,15.71,0,1,13,2.7,Vivo,1
49,84553,13.08,3,1,10,3.6,Oppo,0
18,78344,5.94,3,0,9,1.8,Realme,1
22,59138,19.17,0,0,2,2.4,Xiaomi,0
62,57638,4.95,2,1,16,3.8,Samsung,0
21,88249,27.6,0,1,14,2.4,Oppo,1
33,115865,20.82,4,1,8,3.6,Realme,1
41,12719,5.42,0,1,9,2.9,Samsung,1
33,52534,16.91,1,1,7,1.5,Vivo,1
19,102241,12.48,2,0,12,2.5,Oppo,1
45,136209,23.19,0,1,17,3.5,Google Pixel,1
49,102124,33.4,1,1,4,3.2,Realme,1
44,101659,1.25,0,0,5,2.5,Google Pixel,1
37,85713,21.15,3,1,16,0.6,Google Pixel,1
41,85418,18.4,3,0,10,0.7,iPhone,0
29,138232,26.71,1,1,19,0.9,Realme,1
52,41575,22.13,2,0,15,2.0,Google Pixel,0
50,73852,12.48,0,1,8,2.1,Vivo,1
50,142079,16.81,1,0,1,1.0,Oppo,1
60,86242,12.04,3,1,4,3.5,Oppo,1
54,39257,30.76,3,1,0,1.2,Vivo,1
29,71246,20.21,0,1,3,1.1,iPhone,1
20,11435,39.01,0,1,3,2.6,Xiaomi,1
18,101357,19.39,1,1,2,3.5,iPhone,1
50,146156,12.92,2,0,8,4.6,Oppo,0
57,93807,4.86,0,0,11,3.1,Xiaomi,0
27,125953,1.97,1,0,9,4.1,iPhone,0
60,148563,4.16,2,1,1,1.3,Google Pixel,1
61,133797,22.67,0,0,10,4.7,Xiaomi,1
46,73888,25.09,0,1,9,0.6,Oppo,0
30,83609,4.19,0,1,5,2.0,Vivo,0
29,19077,28.95,2,0,17,3.1,Nothing,0
48,30953,15.17,2,0,1,0.9,Google Pixel,1
63,124682,21.47,2,0,1,1.6,Google Pixel,0
19,77889,36.12,1,1,9,1.4,Nothing,1
52,125374,28.97,4,0,15,2.2,OnePlus,1
40,34860,17.31,2,0,11,3.9,Samsung,0
34,87475,11.09,2,1,0,2.5,Realme,1
43,97266,-1.52,1,1,7,2.0,iPhone,1
25,110732,12.81,1,0,15,0.2,OnePlus,1
46,37083,17.89,2,0,17,3.0,iPhone,0
43,67372,10.13,2,0,12,3.3,OnePlus,1
27,133786,18.69,1,1,14,0.8,Xiaomi,1
43,17813,20.77,2,1,11,2.4,Vivo,1
51,41598,17.75,2,0,7,2.7,Realme,1
58,103106,13.5,0,0,9,3.5,Realme,0
24,37082,21.69,1,1,13,1.8,iPhone,1
21,39241,24.42,0,1,4,1.6,Nothing,0
62,21745,9.1,3,0,17,2.0,Xiaomi,0
28,36029,34.11,1,1,18,3.8,Realme,1
46,133395,19.01,2,0,14,3.5,Samsung,1
53,99186,20.19,2,0,5,2.5,iPhone,1
42,147612,27.08,0,1,10,3.5,Google Pixel,1
38,107768,22.33,4,1,10,0.2,Samsung,1
53,51846,29.53,2,1,19,3.3,Oppo,1
27,85932,22.87,1,1,19,1.4,iPhone,1
54,33411,13.88,0,1,17,4.3,iPhone,0
26,88797,23.62,1,1,17,1.4,Google Pixel,1
41,62307,8.56,1,1,9,1.6,Xiaomi,0
52,144165,21.09,0,1,1,3.1,Google Pixel,1
52,32042,19.67,3,1,8,3.2,Realme,1
53,62930,17.92,2,0,13,2.1,Vivo,1
35,107883,18.71,0,1,18,2.9,iPhone,1
56,43756,1.18,2,1,9,3.0,Oppo,1
49,63268,14.51,1,1,3,2.9,Nothing,1
41,58901,20.93,0,0,5,2.1,iPhone,1
40,109986,21.6,2,1,13,3.0,Google Pixel,1
49,138386,9.72,4,1,3,3.9,OnePlus,1
54,15626,32.66,3,0,14,1.3,iPhone,1
29,148496,11.34,2,1,15,1.7,iPhone,0
30,22857,29.69,2,0,6,2.5,Oppo,0
40,143052,24.27,1,0,16,1.4,Oppo,1
42,36431,13.54,1,1,18,0.7,iPhone,0
52,94976,37.75,3,1,18,3.6,OnePlus,1
58,92711,8.06,2,1,16,0.3,Vivo,1
47,36385,29.19,1,0,5,2.1,OnePlus,1
34,28639,30.01,2,1,10,3.3,OnePlus,1
37,95530,13.29,2,0,15,2.8,OnePlus,1
42,31563,33.92,0,0,7,2.1,Vivo,0
39,125672,17.5,2,0,10,1.4,Xiaomi,1
30,146848,22.89,0,1,6,2.8,Xiaomi,1
36,149783,22.6,1,1,18,1.5,OnePlus,1
53,92970,18.66,3,1,9,2.8,Google Pixel,1
29,95553,28.11,4,1,8,2.6,Samsung,1
58,92879,27.93,3,0,3,2.7,Xiaomi,1
36,146727,2.51,1,1,14,1.9,Nothing,1
29,54859,33.04,2,1,12,4.5,Oppo,1
26,62098,3.38,0,1,1,2.9,Vivo,1
24,132413,30.33,3,0,1,2.2,Vivo,1
45,10526,31.27,1,1,15,2.8,Samsung,0
31,78760,9.09,1,1,8,1.7,Xiaomi,1
48,57837,15.89,0,1,12,2.1,Oppo,0
36,21536,8.94,0,1,2,4.9,OnePlus,0
64,38541,17.85,1,0,8,1.7,Google Pixel,1
33,89083,16.92,1,1,12,2.4,Xiaomi,1
22,44531,27.8,1,0,1,2.0,Samsung,1
52,18712,33.1,1,1,7,1.5,Oppo,1
29,114101,33.96,1,1,8,2.9,iPhone,1
42,75455,14.38,0,0,15,2.5,Oppo,0
38,84744,17.91,3,1,1,3.4,iPhone,1
53,139749,3.17,1,1,5,3.3,Nothing,0
40,15109,11.94,0,0,7,3.4,Realme,0
33,59268,29.65,0,1,4,1.6,Oppo,0
56,64615,36.16,0,0,8,3.1,Samsung,1
62,92503,7.66,2,1,0,3.2,Samsung,0
59,95708,14.08,3,1,8,1.5,Google Pixel,1
56,112471,19.74,0,1,9,2.2,OnePlus,1
31,93309,22.8,0,1,3,1.0,Oppo,0
48,136446,11.9,0,1,2,3.2,Realme,0
22,116661,24.24,1,1,9,3.2,Xiaomi,1
52,16154,15.26,4,0,14,3.9,Samsung,1
40,74288,19.86,1,1,10,2.3,Nothing,1
46,61195,25.46,0,1,13,3.0,Vivo,1
60,30581,20.06,0,0,5,3.5,Samsung,0
28,40087,15.64,2,1,11,1.7,Oppo,1
35,79298,18.9,1,1,12,1.6,Nothing,1
64,56167,19.12,0,1,16,1.8,Vivo,0
29,49499,16.3,1,0,15,2.2,iPhone,1
26,135816,17.41,0,0,2,1.6,Realme,0
27,106347,35.99,3,0,1,1.8,Samsung,0
61,58787,25.61,1,1,10,3.4,Oppo,1
34,45488,17.05,0,0,8,2.4,Vivo,1
55,84441,26.97,0,1,2,2.8,Vivo,1
24,32431,16.66,3,0,17,1.9,OnePlus,0
63,71681,31.73,1,1,19,1.9,Vivo,1
30,132720,23.7,1,0,14,2.8,Realme,1
57,59153,18.93,2,1,13,2.6,Nothing,1
59,16368,24.48,2,0,1,3.3,Nothing,1
26,122360,4.29,1,1,16,3.8,Vivo,1
44,122755,8.73,1,0,7,1.8,Oppo,0
19,66985,8.06,2,1,9,3.4,Samsung,1
22,60069,21.43,2,1,17,1.4,Oppo,1
46,62326,37.33,2,0,18,4.6,Google Pixel,0
54,118737,42.31,1,1,7,1.7,Samsung,1
55,60861,26.38,2,1,7,3.2,iPhone,1
36,85897,25.01,2,0,2,1.4,Realme,0
25,137118,1.99,2,1,2,2.3,Oppo,0
62,78577,14.57,0,0,11,4.0,OnePlus,0
18,19078,12.12,4,1,16,1.7,Nothing,0
39,72768,13.79,2,1,3,4.7,Vivo,1
34,61047,18.32,1,0,16,2.5,Samsung,1
24,81626,15.28,2,1,13,3.5,Vivo,1
42,67660,0.21,2,1,18,2.9,iPhone,1
62,142997,27.48,0,1,8,3.0,Google Pixel,1
21,127832,9.27,1,1,11,1.1,Vivo,1
53,140406,22.39,2,1,4,2.0,Oppo,1
23,135150,40.74,1,1,10,3.7,Samsung,1
48,43320,10.81,3,0,19,2.2,OnePlus,0
36,74881,-5.3,1,1,2,2.6,iPhone,0
61,100827,17.14,1,1,14,1.0,Realme,1
56,112215,31.01,2,1,13,2.0,Google Pixel,1
44,144461,39.58,0,1,10,3.6,Oppo,1
27,71550,7.7,1,1,19,1.2,Realme,1
43,34826,24.97,1,1,7,3.2,OnePlus,1
36,110734,15.35,2,1,3,2.7,Realme,1
56,108511,18.94,1,0,11,2.3,Nothing,1
20,21653,46.44,2,1,7,2.2,Samsung,0
62,91941,4.97,2,1,5,2.0,Realme,1
30,43662,22.54,0,0,14,2.1,Oppo,0
45,108818,24.68,4,1,11,3.4,Nothing,1
37,105081,30.86,3,1,15,2.1,Nothing,1
45,46877,20.98,0,0,15,4.3,Realme,0
25,121562,23.08,1,0,19,2.8,Google Pixel,1
58,82715,16.08,1,0,19,1.9,Xiaomi,1
56,120091,22.69,2,1,3,3.5,Google Pixel,1
18,142632,16.57,1,0,10,3.1,Vivo,1
20,89148,26.22,0,0,12,0.8,Oppo,0
30,93186,16.3,0,1,8,1.5,Xiaomi,0
45,133629,23.77,1,0,3,2.4,Samsung,0
42,80316,19.71,1,0,11,0.9,Nothing,1
50,38380,31.26,1,0,8,4.6,Oppo,1
55,120198,19.49,4,1,12,3.3,OnePlus,1
23,12356,2.27,0,1,15,2.5,Vivo,1
61,80326,32.62,3,0,5,2.2,Vivo,1
62,102447,10.94,4,1,9,1.9,Oppo,1
49,124994,13.46,1,1,12,0.5,Samsung,1
62,30049,14.04,1,0,6,0.8,Nothing,1
64,115361,33.74,1,0,18,4.4,iPhone,0
38,26082,-1.36,0,0,18,4.1,iPhone,1
33,10661,51.38,3,1,16,1.9,Oppo,1
38,12920,30.56,2,1,12,3.4,Realme,1
28,89561,22.23,1,0,12,3.0,Google Pixel,1
54,18946,19.45,3,1,1,3.1,Vivo,1
53,26309,22.86,4,0,9,1.1,Samsung,1
52,65230,25.21,0,1,12,0.7,Vivo,1
36,121822,26.45,3,1,8,3.7,OnePlus,1
37,122340,25.56,1,0,0,0.5,iPhone,1
35,69321,20.9,2,1,13,2.4,Nothing,1
64,142028,18.03,1,0,15,2.1,OnePlus,1
58,84131,18.49,1,1,19,2.0,Nothing,1
31,35963,18.05,3,0,14,2.8,Vivo,1
32,111757,31.34,2,1,0,1.8,Samsung,0
48,109259,25.94,2,0,16,2.9,iPhone,0
18,49063,-9.4,0,1,12,2.6,Vivo,1
20,124225,26.56,1,0,14,4.6,iPhone,1
33,126400,21.95,1,1,15,1.1,Oppo,1
40,90818,19.81,2,0,15,2.5,Nothing,1
28,14703,16.11,3,1,1,2.9,Vivo,1
29,82099,31.24,3,0,16,2.2,Xiaomi,1
27,41585,29.48,2,0,10,1.2,iPhone,1
49,53585,12.27,0,1,7,3.8,iPhone,1
33,36958,24.07,2,0,19,2.8,Xiaomi,1
25,36017,10.28,0,0,2,1.2,Realme,0
55,134677,6.2,2,1,11,2.9,Vivo,1
29,39426,13.73,3,1,19,4.2,Xiaomi,1
41,27778,28.62,1,0,15,2.5,iPhone,1
45,52229,29.53,3,1,13,2.5,Vivo,1
25,96652,25.13,1,1,15,4.1,Samsung,1
45,138267,27.25,0,0,16,1.5,Samsung,1
53,136503,25.16,3,1,10,4.2,Nothing,1
43,94878,13.59,0,1,16,3.5,Realme,1
25,67056,24.32,2,1,18,1.6,Samsung,1
45,29975,28.0,2,0,0,1.8,Realme,1
45,98397,27.54,4,1,11,2.0,Nothing,1
54,43142,31.89,3,0,14,0.7,Oppo,1
58,36916,27.08,2,0,17,2.8,OnePlus,0
53,74324,23.51,2,0,13,1.6,Nothing,0
44,135932,30.7,3,1,0,2.8,Google Pixel,1
34,145720,19.73,2,1,12,1.2,Realme,1
26,106059,11.18,2,1,14,3.4,Samsung,1
50,108317,18.37,0,1,6,3.2,Samsung,1
37,45046,12.55,2,0,14,1.8,Vivo,1
30,111459,13.25,1,0,19,2.9,iPhone,0
45,55893,18.55,2,0,9,2.6,Samsung,1
46,111520,12.08,2,0,13,4.0,Xiaomi,0
30,135818,16.92,2,1,5,1.5,iPhone,1
63,71272,1.06,2,1,13,2.3,Xiaomi,1
52,77649,22.13,2,0,11,1.9,Realme,1
23,74674,20.01,2,0,10,2.5,Google Pixel,1
35,96475,11.83,1,0,19,3.0,iPhone,1
22,71367,26.59,2,1,18,1.8,Realme,1
64,131750,29.38,4,1,1,2.1,Samsung,1
42,128154,3.92,0,1,19,3.5,Google Pixel,1
19,54738,12.37,0,1,0,3.9,Oppo,0
27,43397,12.31,1,1,7,3.0,Samsung,0
47,92189,10.6,0,0,13,2.4,OnePlus,0
62,86367,28.29,3,0,8,2.3,Nothing,1
22,130585,18.06,0,1,1,3.0,iPhone,1
50,86619,17.35,0,1,4,2.7,OnePlus,1
18,121453,-0.04,3,0,7,0.9,iPhone,0
35,29816,26.35,1,1,15,3.1,Nothing,1
49,147348,7.61,2,1,15,1.6,iPhone,1
64,89530,20.6,0,1,12,1.1,Realme,1
28,118856,22.77,0,1,19,0.8,Xiaomi,0
38,81635,33.61,2,1,14,2.3,Vivo,1
43,117803,6.91,0,1,0,1.5,Realme,0
42,45946,-10.2,0,0,2,0.2,Nothing,0
39,65204,21.84,2,0,5,2.1,iPhone,1
44,25563,38.01,2,0,13,2.0,Realme,1
30,102324,32.39,2,0,3,2.4,Xiaomi,1
50,19847,22.1,3,1,17,1.9,OnePlus,1
51,36155,15.08,2,1,14,4.3,Realme,1
58,89671,28.07,3,0,8,3.0,OnePlus,1
52,126891,10.26,2,1,17,2.0,Nothing,1
18,93310,24.76,1,0,2,2.4,OnePlus,1
38,141691,25.05,3,0,9,3.9,iPhone,1
23,44707,30.6,1,0,16,3.5,Google Pixel,1
45,91537,47.6,1,0,6,1.1,Google Pixel,1
34,101155,23.92,0,0,14,1.5,Oppo,0
22,10281,14.91,1,1,0,1.7,iPhone,0
48,142130,19.74,1,1,10,2.1,Nothing,1
22,86260,2.31,3,1,16,1.9,Samsung,1
55,74178,13.05,0,0,4,2.5,Google Pixel,1
20,43997,15.91,1,0,6,3.2,Nothing,1
40,129273,14.76,1,0,18,3.4,OnePlus,1
54,142311,21.52,1,1,14,2.2,Realme,1
54,136945,11.78,1,0,2,0.9,Google Pixel,0
27,55272,31.21,1,1,14,1.5,iPhone,1
27,99393,20.0,0,1,4,2.0,Google Pixel,1
36,71212,19.91,1,1,11,1.3,Xiaomi,1
34,130030,16.72,2,1,19,3.6,Xiaomi,1
38,66503,21.55,2,0,4,1.3,Xiaomi,1
31,147710,28.25,0,0,2,3.1,Google Pixel,0
26,16570,11.33,1,0,8,0.8,Oppo,0
63,78785,13.42,6,1,8,3.2,Nothing,1
18,19110,16.96,1,0,6,2.4,Xiaomi,1
62,89141,6.54,1,0,1,4.0,OnePlus,1
30,22115,11.81,1,1,15,1.4,iPhone,1
21,49062,15.24,1,0,8,1.9,Vivo,1
18,32911,28.74,1,1,12,2.1,Xiaomi,1
57,114061,22.63,3,1,18,2.3,Nothing,1
49,42556,21.94,1,0,19,2.2,OnePlus,1
51,138335,28.51,1,0,16,2.2,iPhone,1
45,11969,18.63,0,0,5,2.2,Realme,1
48,53753,23.9,3,1,3,0.4,Samsung,1
25,145542,18.97,0,1,0,3.5,OnePlus,1
56,131863,22.65,0,1,17,5.0,Oppo,1
43,20225,14.17,2,1,18,2.8,OnePlus,1
51,133008,-4.39,1,1,8,1.4,OnePlus,1
20,115823,18.66,3,0,12,1.5,Oppo,1
29,23669,34.23,1,0,7,3.1,Realme,1
18,134398,29.26,0,1,12,2.9,Google Pixel,1
61,120677,29.65,5,0,14,2.2,iPhone,1
22,58320,32.36,1,0,10,3.3,OnePlus,1
47,135354,20.89,2,1,11,0.4,OnePlus,1
47,98009,21.97,2,1,13,3.3,Oppo,1
34,38625,13.82,0,1,3,2.7,Nothing,1
64,34089,16.84,0,1,0,1.5,OnePlus,0
40,46487,26.16,1,0,3,1.1,OnePlus,1
32,120448,32.04,3,1,18,2.6,Oppo,1
54,60138,18.61,1,0,8,3.9,Nothing,1
38,64061,15.5,2,0,9,2.3,Oppo,1
31,111376,20.01,0,1,3,1.6,OnePlus,0
19,89134,26.01,2,0,19,2.7,Xiaomi,1
28,57055,5.56,0,1,8,4.3,iPhone,0
56,29508,-2.96,1,0,12,2.9,Nothing,0
55,120169,14.49,0,1,11,3.0,Xiaomi,1
51,18125,7.79,1,0,10,3.7,Oppo,0
55,46059,14.92,1,1,11,3.0,OnePlus,0
51,113409,18.52,0,1,17,1.7,Oppo,1
35,15704,15.47,1,0,11,0.8,Google Pixel,0
47,121279,34.52,1,0,15,1.6,Google Pixel,0
32,128516,23.27,1,0,4,1.4,OnePlus,0
44,124044,23.0,2,0,19,3.2,OnePlus,1
51,39165,26.22,1,1,11,3.3,Xiaomi,1
55,77203,8.61,3,1,10,2.7,Vivo,1
50,14114,30.39,1,0,8,1.2,OnePlus,0
41,46321,19.24,0,0,17,4.3,Nothing,1
32,83297,26.7,2,0,2,2.1,Nothing,1
47,106652,9.28,3,1,19,3.1,Oppo,1
59,109304,4.46,2,0,16,2.5,Xiaomi,0
34,27772,28.18,1,1,13,2.7,Realme,1
22,113754,23.76,1,1,0,3.1,Samsung,1
46,13712,10.98,2,0,16,1.8,Oppo,0
21,142439,11.3,2,1,7,3.8,OnePlus,1
27,125142,31.25,2,1,4,0.9,Oppo,1
34,101736,8.11,2,1,4,1.5,Realme,1
27,61924,36.43,2,0,8,3.8,Samsung,1
34,13726,10.99,6,0,2,3.1,Realme,0
37,99152,26.38,0,1,18,5.0,Realme,1
41,37723,16.71,2,1,8,2.6,Google Pixel,1
22,136969,26.03,2,1,17,4.2,Nothing,1
51,110494,14.56,0,1,15,0.6,Vivo,0
23,45643,18.37,2,1,0,1.1,OnePlus,1
19,113896,20.41,1,1,1,3.4,Xiaomi,1
30,149999,9.98,1,0,13,0.8,Oppo,1
60,103680,27.41,4,1,13,2.3,OnePlus,1
60,106546,14.87,3,1,0,3.7,Google Pixel,1
28,89973,17.71,1,1,15,3.0,Nothing,1
64,73449,10.06,0,1,14,2.5,Oppo,1
40,119834,-5.62,0,0,14,2.1,Xiaomi,1
33,35537,18.09,0,1,11,2.7,Vivo,0
48,87576,44.13,2,1,15,3.1,OnePlus,1
28,117522,27.85,2,0,13,1.8,Nothing,1
33,32612,19.81,5,1,14,2.9,iPhone,1
25,16471,17.37,1,0,14,3.6,OnePlus,1
21,41348,20.22,0,0,18,2.3,Realme,0
57,11177,25.47,1,0,7,2.6,Realme,0
21,145832,8.19,2,1,1,3.0,Samsung,1
42,42779,31.14,1,1,1,3.1,Nothing,1
20,31636,27.15,3,1,9,3.4,Realme,1
49,91889,27.18,2,1,2,1.5,Vivo,0
20,63551,24.38,1,1,16,2.0,Vivo,1
44,56819,20.2,3,0,7,2.0,Realme,1
46,83770,26.73,0,0,3,1.6,Nothing,0
49,88714,25.92,0,1,13,0.7,Google Pixel,1
36,34596,16.46,1,0,9,0.2,Xiaomi,1
38,74106,14.26,4,1,0,3.7,Xiaomi,1
22,69182,21.02,2,1,3,0.9,Nothing,1
35,97163,35.49,0,1,0,4.1,iPhone,1
45,49310,7.61,1,1,16,3.2,Xiaomi,1
59,66088,5.32,1,0,16,2.1,Oppo,0
39,138803,21.65,2,0,6,3.1,Xiaomi,1
38,149978,20.51,3,1,19,2.9,Oppo,1
23,46914,21.73,3,0,14,1.4,Realme,0
18,120350,22.44,3,1,12,2.5,Google Pixel,1
22,55379,17.77,1,0,1,1.5,Google Pixel,1
58,56413,34.9,1,1,18,3.2,Xiaomi,1
29,147084,3.99,1,1,12,1.8,Xiaomi,1
43,17151,11.72,0,1,10,2.4,Nothing,0
63,67716,18.97,2,0,14,2.4,Xiaomi,1
51,103747,3.57,1,0,9,2.6,Samsung,1
31,131999,18.24,3,1,8,4.2,Samsung,1
43,124793,36.61,2,0,8,2.3,iPhone,1
62,118177,20.21,1,1,19,3.7,Realme,1
44,22289,22.31,1,1,0,3.0,Oppo,1
26,96365,7.4,2,1,16,3.9,Google Pixel,0
43,124014,13.84,0,1,11,2.2,Realme,1
64,82588,16.25,3,0,9,3.2,Oppo,0
39,73646,16.82,1,1,4,2.4,Oppo,1
64,13654,32.82,0,1,17,0.2,OnePlus,0
47,28743,25.58,0,1,14,1.4,Xiaomi,0
60,58368,8.89,1,1,5,3.1,iPhone,0
34,147513,22.47,0,1,6,3.0,Xiaomi,1
43,129735,24.98,2,0,16,1.2,iPhone,1
53,129891,31.4,1,0,5,2.7,Realme,0
18,117971,35.81,0,1,7,3.0,Nothing,1
25,22149,9.85,0,0,11,2.5,Nothing,1
52,110102,11.89,1,1,13,3.2,Realme,1
32,69189,7.42,0,1,11,3.1,Samsung,0
64,81031,17.66,2,0,9,2.5,Oppo,1
39,52668,24.66,1,0,19,2.0,iPhone,1
31,98204,29.87,2,1,14,3.5,Vivo,1
43,47384,19.24,1,0,6,3.0,Xiaomi,1
45,91929,16.8,0,1,8,1.1,Realme,1
40,137959,21.52,1,1,9,2.7,Oppo,1
31,86153,11.65,6,1,9,1.3,iPhone,1
41,85388,40.9,2,1,15,1.5,Google Pixel,1
19,41401,3.92,1,0,6,1.8,Xiaomi,0
62,129503,21.85,2,1,4,2.5,Nothing,1
43,137834,40.24,3,0,2,2.9,Realme,1
31,44084,20.07,1,0,17,2.1,Nothing,1
24,120641,18.1,3,1,10,2.1,iPhone,1
20,115111,16.43,0,1,14,2.0,Nothing,1
64,148299,18.2,2,0,19,3.5,Xiaomi,1
40,46041,33.73,0,1,4,0.2,Samsung,1
63,98920,-2.12,3,1,11,2.2,Oppo,1
60,75681,35.33,2,0,3,4.0,Samsung,1
64,91571,5.76,4,0,14,3.0,Realme,1
62,137556,17.33,1,1,8,3.8,Samsung,1
35,36160,15.71,3,1,6,0.5,OnePlus,1
55,27633,25.89,0,1,9,1.3,Oppo,1
52,27014,4.02,2,1,12,3.0,iPhone,0
32,90532,24.62,1,0,7,4.1,Oppo,1
42,59104,40.24,1,1,11,1.4,OnePlus,1
54,87231,6.37,0,1,18,2.1,Vivo,1
45,78388,21.9,1,1,0,2.9,Samsung,1
27,26014,13.38,0,0,15,1.0,Oppo,0
56,102578,24.26,0,0,16,3.0,Nothing,0
34,50390,20.19,2,0,17,0.2,iPhone,1
56,33711,13.59,0,1,10,3.0,Google Pixel,0
39,101658,24.88,0,1,17,1.5,Realme,1
43,67993,38.04,3,1,6,2.1,Realme,1
61,17421,18.09,2,0,17,3.2,Realme,1
42,27727,27.2,1,0,7,2.9,Oppo,0
34,122418,7.07,4,1,5,2.5,Samsung,1
30,14358,10.44,2,1,6,3.5,Oppo,1
37,75108,24.72,3,1,9,0.8,Xiaomi,1
42,104018,34.84,2,0,10,2.7,Nothing,1
21,134457,23.56,1,1,12,1.7,Google Pixel,1
27,41910,16.87,2,0,8,3.4,Google Pixel,1
20,136888,19.99,3,0,6,3.2,Nothing,1
58,65754,7.5,2,1,8,3.2,OnePlus,1
62,119847,26.05,1,0,12,4.1,Xiaomi,0
35,48467,28.82,2,0,2,3.6,iPhone,0
64,43893,15.48,2,1,2,2.3,Google Pixel,1
53,86329,15.3,1,1,0,2.5,Realme,1
64,41007,22.66,1,1,19,3.1,Oppo,1
39,64253,15.63,0,1,1,2.6,OnePlus,1
51,22323,19.34,1,0,2,3.2,Nothing,0
64,121335,41.0,0,0,14,0.3,Vivo,1
25,122356,17.53,2,1,5,4.4,iPhone,1
57,120944,16.42,2,1,12,2.6,Realme,1
61,26456,13.52,2,1,0,0.9,Google Pixel,0
36,41367,27.44,0,0,19,1.6,Oppo,1
59,64624,18.19,2,1,18,0.4,Nothing,1
58,78008,13.51,2,0,0,1.4,iPhone,0
54,135926,33.21,3,1,1,2.4,Vivo,1
23,125395,34.2,3,1,14,4.0,OnePlus,1
43,126492,14.0,3,1,13,2.9,Google Pixel,1
51,82240,1.33,2,1,18,2.7,Oppo,1
62,74315,30.08,2,1,10,1.4,Realme,1
23,20756,13.15,0,1,14,1.7,Nothing,0
54,46378,27.91,2,1,5,1.8,Nothing,1
50,145327,0.3,2,0,19,1.8,OnePlus,0
39,135703,28.93,2,1,8,2.1,Samsung,1
38,66549,7.89,0,0,4,2.2,Samsung,1
23,83794,27.31,0,1,19,2.2,Realme,1
23,55113,20.14,2,1,1,1.8,Vivo,1
21,84069,10.46,1,1,5,2.6,Nothing,1
47,146321,15.93,2,0,17,2.2,Nothing,1
28,135541,26.86,2,0,18,0.9,Nothing,1
47,19686,21.06,4,1,8,2.5,OnePlus,1
48,63363,25.84,0,1,5,2.4,Samsung,1
41,107543,39.76,1,1,13,0.9,Xiaomi,1
26,141733,4.36,0,0,12,1.9,iPhone,0
20,105673,36.17,0,1,10,3.1,OnePlus,1
48,52828,21.04,0,1,11,1.4,Google Pixel,1
57,58604,11.01,1,0,18,1.3,Vivo,0
54,20526,6.7,2,0,18,2.2,Vivo,0
53,78910,18.11,0,1,18,3.1,iPhone,1
41,35592,29.22,1,1,12,4.3,Vivo,1
48,38982,18.72,3,1,13,3.2,Vivo,1
23,10207,35.11,1,1,17,3.6,Xiaomi,1
19,98733,5.49,3,1,11,2.8,Vivo,1
37,134982,19.88,3,1,3,1.8,Nothing,1
45,78619,7.48,2,0,9,3.2,OnePlus,0
28,56479,23.64,1,0,16,2.4,Samsung,1
21,91437,28.87,1,1,3,2.9,Vivo,1
32,108540,15.79,1,1,11,1.6,Realme,1
23,82982,-6.04,1,1,12,3.0,Realme,1
47,112747,21.99,0,1,3,2.4,Realme,1
55,58231,24.37,2,0,9,2.7,Vivo,1
19,39301,24.04,1,1,2,2.4,Google Pixel,0
32,28752,32.36,3,0,14,2.2,Nothing,1
28,108452,9.29,2,1,1,3.0,Oppo,1
25,131237,26.8,2,1,16,2.1,Vivo,1
43,66273,31.93,0,1,5,0.9,Google Pixel,1
62,101878,2.21,2,1,7,0.6,Oppo,1
61,14895,23.2,1,0,2,2.7,iPhone,0
22,129968,14.96,3,1,17,2.1,Xiaomi,1
23,125700,19.18,2,0,0,0.8,Nothing,0
43,86559,23.48,0,1,15,2.6,Vivo,1
21,20699,15.13,4,1,6,2.4,OnePlus,1
36,19715,13.24,2,1,2,2.0,OnePlus,1
37,29169,20.34,3,1,3,2.7,OnePlus,1
50,128413,9.13,0,0,8,3.8,iPhone,0
37,129264,9.14,1,1,4,3.8,iPhone,1
29,15782,26.79,2,0,18,2.6,Oppo,0
64,134481,8.51,2,1,14,2.4,iPhone,1
18,45585,26.66,1,0,7,2.7,Realme,1
43,40682,24.63,1,0,5,2.8,Xiaomi,1
31,139992,2.74,1,1,17,2.2,Realme,1
55,94416,13.22,2,1,18,2.7,Vivo,0
54,137810,31.94,3,0,14,0.9,Oppo,1
28,48067,10.19,3,0,6,2.6,Google Pixel,1
53,28073,15.36,1,1,9,3.0,Oppo,1
30,46035,24.62,1,0,5,2.0,Google Pixel,0
60,100373,27.83,1,0,13,2.4,Xiaomi,1
20,93362,17.48,3,1,16,1.4,iPhone,1
50,100517,14.02,3,0,8,1.2,iPhone,1
23,75450,34.22,2,1,18,2.7,Vivo,1
27,20382,37.39,1,1,4,1.8,OnePlus,1
22,145509,29.79,0,1,6,0.7,Samsung,1
40,71929,20.85,1,1,18,1.4,Oppo,1
27,108864,11.92,1,1,19,1.5,Oppo,1
61,35169,11.7,1,0,6,3.3,Vivo,0
19,97468,25.23,2,0,1,2.7,Realme,1
